{"cameraMode":{"drawMode":0,"name":"Shaded","section":"Shading Mode"},"sceneLighting":true,"audioPlay":false,"sceneViewState":{"m_AlwaysRefresh":false,"showFog":true,"showSkybox":true,"showFlares":true,"showImageEffects":true,"showParticleSystems":true,"showVisualEffectGraphs":true,"m_FxEnabled":true},"in2DMode":false,"pivot":{"x":5.075376510620117,"y":-28.09337043762207,"z":78.64956665039063},"rotation":{"x":0.3301301598548889,"y":0.019218696281313897,"z":-0.0032644968014210464,"w":0.9437841773033142},"size":41.32719421386719,"orthographic":false}