{"cameraMode":{"drawMode":0,"name":"Shaded","section":"Shading Mode"},"sceneLighting":true,"audioPlay":false,"sceneViewState":{"m_AlwaysRefresh":false,"showFog":true,"showSkybox":true,"showFlares":true,"showImageEffects":true,"showParticleSystems":true,"showVisualEffectGraphs":true,"m_FxEnabled":true},"in2DMode":false,"pivot":{"x":11.793721199035645,"y":15.625919342041016,"z":7.9801788330078129},"rotation":{"x":0.2140442579984665,"y":-0.12370912730693817,"z":0.03080388344824314,"w":0.9685544371604919},"size":31.13393783569336,"orthographic":false}