{"cameraMode":{"drawMode":0,"name":"Shaded","section":"Shading Mode"},"sceneLighting":true,"audioPlay":false,"sceneViewState":{"m_AlwaysRefresh":false,"showFog":true,"showSkybox":true,"showFlares":true,"showImageEffects":true,"showParticleSystems":true,"showVisualEffectGraphs":true,"m_FxEnabled":true},"in2DMode":false,"pivot":{"x":-14.241522789001465,"y":-3.166450023651123,"z":18.475616455078126},"rotation":{"x":0.06605461984872818,"y":-0.9330206513404846,"z":0.22772996127605439,"w":0.27061548829078677},"size":26.087608337402345,"orthographic":false}