{"cameraMode":{"drawMode":0,"name":"Shaded","section":"Shading Mode"},"sceneLighting":true,"audioPlay":false,"sceneViewState":{"m_AlwaysRefresh":false,"showFog":true,"showSkybox":true,"showFlares":true,"showImageEffects":true,"showParticleSystems":true,"showVisualEffectGraphs":true,"m_FxEnabled":true},"in2DMode":false,"pivot":{"x":9.543869018554688,"y":4.088078022003174,"z":-11.768343925476075},"rotation":{"x":0.09697233140468598,"y":-0.3279668986797333,"z":0.03386784344911575,"w":0.9390828013420105},"size":2.6573593616485597,"orthographic":false}